<?xml version="1.0" encoding="UTF-8"?><font><info face="pixelmix" size="16" bold="0" italic="0" charset="" unicode="1" stretchH="100" smooth="1" aa="1" padding="1,1,1,1" spacing="1,1"/><common lineHeight="17" base="16" scaleW="116" scaleH="114" pages="1" packed="0"/><pages><page id="0" file="Unnamed.png"/></pages><chars count="64"><char id="32" x="0" y="0" width="0" height="0" xoffset="0" yoffset="0" xadvance="10" page="0" chnl="15"/><!--   --><char id="33" x="104" y="68" width="4" height="16" xoffset="-1" yoffset="1" xadvance="4" page="0" chnl="15"/><!-- ! --><char id="48" x="13" y="0" width="12" height="16" xoffset="-1" yoffset="1" xadvance="12" page="0" chnl="15"/><!-- 0 --><char id="49" x="26" y="0" width="8" height="16" xoffset="-1" yoffset="1" xadvance="8" page="0" chnl="15"/><!-- 1 --><char id="50" x="35" y="0" width="12" height="16" xoffset="-1" yoffset="1" xadvance="12" page="0" chnl="15"/><!-- 2 --><char id="51" x="48" y="0" width="12" height="16" xoffset="-1" yoffset="1" xadvance="12" page="0" chnl="15"/><!-- 3 --><char id="52" x="61" y="0" width="12" height="16" xoffset="-1" yoffset="1" xadvance="12" page="0" chnl="15"/><!-- 4 --><char id="53" x="74" y="0" width="12" height="16" xoffset="-1" yoffset="1" xadvance="12" page="0" chnl="15"/><!-- 5 --><char id="54" x="87" y="0" width="12" height="16" xoffset="-1" yoffset="1" xadvance="12" page="0" chnl="15"/><!-- 6 --><char id="55" x="100" y="0" width="12" height="16" xoffset="-1" yoffset="1" xadvance="12" page="0" chnl="15"/><!-- 7 --><char id="56" x="0" y="19" width="12" height="16" xoffset="-1" yoffset="1" xadvance="12" page="0" chnl="15"/><!-- 8 --><char id="57" x="13" y="17" width="12" height="16" xoffset="-1" yoffset="1" xadvance="12" page="0" chnl="15"/><!-- 9 --><char id="65" x="13" y="34" width="12" height="16" xoffset="-1" yoffset="1" xadvance="12" page="0" chnl="15"/><!-- A --><char id="66" x="26" y="34" width="12" height="16" xoffset="-1" yoffset="1" xadvance="12" page="0" chnl="15"/><!-- B --><char id="67" x="39" y="34" width="12" height="16" xoffset="-1" yoffset="1" xadvance="12" page="0" chnl="15"/><!-- C --><char id="68" x="52" y="34" width="12" height="16" xoffset="-1" yoffset="1" xadvance="12" page="0" chnl="15"/><!-- D --><char id="69" x="65" y="34" width="12" height="16" xoffset="-1" yoffset="1" xadvance="12" page="0" chnl="15"/><!-- E --><char id="70" x="78" y="34" width="12" height="16" xoffset="-1" yoffset="1" xadvance="12" page="0" chnl="15"/><!-- F --><char id="71" x="91" y="34" width="12" height="16" xoffset="-1" yoffset="1" xadvance="12" page="0" chnl="15"/><!-- G --><char id="72" x="104" y="34" width="12" height="16" xoffset="-1" yoffset="1" xadvance="12" page="0" chnl="15"/><!-- H --><char id="73" x="105" y="17" width="8" height="16" xoffset="-1" yoffset="1" xadvance="8" page="0" chnl="15"/><!-- I --><char id="74" x="0" y="53" width="12" height="16" xoffset="-1" yoffset="1" xadvance="12" page="0" chnl="15"/><!-- J --><char id="75" x="13" y="51" width="12" height="16" xoffset="-1" yoffset="1" xadvance="12" page="0" chnl="15"/><!-- K --><char id="76" x="26" y="51" width="12" height="16" xoffset="-1" yoffset="1" xadvance="12" page="0" chnl="15"/><!-- L --><char id="77" x="39" y="51" width="12" height="16" xoffset="-1" yoffset="1" xadvance="12" page="0" chnl="15"/><!-- M --><char id="78" x="52" y="51" width="12" height="16" xoffset="-1" yoffset="1" xadvance="12" page="0" chnl="15"/><!-- N --><char id="79" x="65" y="51" width="12" height="16" xoffset="-1" yoffset="1" xadvance="12" page="0" chnl="15"/><!-- O --><char id="80" x="78" y="51" width="12" height="16" xoffset="-1" yoffset="1" xadvance="12" page="0" chnl="15"/><!-- P --><char id="81" x="91" y="51" width="12" height="16" xoffset="-1" yoffset="1" xadvance="12" page="0" chnl="15"/><!-- Q --><char id="82" x="104" y="51" width="12" height="16" xoffset="-1" yoffset="1" xadvance="12" page="0" chnl="15"/><!-- R --><char id="83" x="0" y="70" width="12" height="16" xoffset="-1" yoffset="1" xadvance="12" page="0" chnl="15"/><!-- S --><char id="84" x="13" y="68" width="12" height="16" xoffset="-1" yoffset="1" xadvance="12" page="0" chnl="15"/><!-- T --><char id="85" x="26" y="68" width="12" height="16" xoffset="-1" yoffset="1" xadvance="12" page="0" chnl="15"/><!-- U --><char id="86" x="39" y="68" width="12" height="16" xoffset="-1" yoffset="1" xadvance="12" page="0" chnl="15"/><!-- V --><char id="87" x="52" y="68" width="12" height="16" xoffset="-1" yoffset="1" xadvance="12" page="0" chnl="15"/><!-- W --><char id="88" x="65" y="68" width="12" height="16" xoffset="-1" yoffset="1" xadvance="12" page="0" chnl="15"/><!-- X --><char id="89" x="78" y="68" width="12" height="16" xoffset="-1" yoffset="1" xadvance="12" page="0" chnl="15"/><!-- Y --><char id="90" x="91" y="68" width="12" height="16" xoffset="-1" yoffset="1" xadvance="12" page="0" chnl="15"/><!-- Z --><char id="97" x="0" y="102" width="12" height="12" xoffset="-1" yoffset="5" xadvance="12" page="0" chnl="15"/><!-- a --><char id="98" x="26" y="17" width="12" height="16" xoffset="-1" yoffset="1" xadvance="12" page="0" chnl="15"/><!-- b --><char id="99" x="13" y="85" width="12" height="12" xoffset="-1" yoffset="5" xadvance="12" page="0" chnl="15"/><!-- c --><char id="100" x="39" y="17" width="12" height="16" xoffset="-1" yoffset="1" xadvance="12" page="0" chnl="15"/><!-- d --><char id="101" x="26" y="85" width="12" height="12" xoffset="-1" yoffset="5" xadvance="12" page="0" chnl="15"/><!-- e --><char id="102" x="0" y="0" width="12" height="18" xoffset="-1" yoffset="-1" xadvance="12" page="0" chnl="15"/><!-- f --><char id="103" x="0" y="87" width="12" height="14" xoffset="-1" yoffset="3" xadvance="12" page="0" chnl="15"/><!-- g --><char id="104" x="52" y="17" width="12" height="16" xoffset="-1" yoffset="1" xadvance="12" page="0" chnl="15"/><!-- h --><char id="105" x="65" y="17" width="8" height="16" xoffset="-1" yoffset="1" xadvance="8" page="0" chnl="15"/><!-- i --><char id="106" x="74" y="17" width="10" height="16" xoffset="-1" yoffset="1" xadvance="10" page="0" chnl="15"/><!-- j --><char id="107" x="85" y="17" width="10" height="16" xoffset="-1" yoffset="1" xadvance="10" page="0" chnl="15"/><!-- k --><char id="108" x="96" y="17" width="8" height="16" xoffset="-1" yoffset="1" xadvance="8" page="0" chnl="15"/><!-- l --><char id="109" x="39" y="85" width="12" height="12" xoffset="-1" yoffset="5" xadvance="12" page="0" chnl="15"/><!-- m --><char id="110" x="52" y="85" width="12" height="12" xoffset="-1" yoffset="5" xadvance="12" page="0" chnl="15"/><!-- n --><char id="111" x="65" y="85" width="12" height="12" xoffset="-1" yoffset="5" xadvance="12" page="0" chnl="15"/><!-- o --><char id="112" x="78" y="85" width="12" height="12" xoffset="-1" yoffset="5" xadvance="12" page="0" chnl="15"/><!-- p --><char id="113" x="91" y="85" width="12" height="12" xoffset="-1" yoffset="5" xadvance="12" page="0" chnl="15"/><!-- q --><char id="114" x="104" y="85" width="12" height="12" xoffset="-1" yoffset="5" xadvance="12" page="0" chnl="15"/><!-- r --><char id="115" x="13" y="98" width="12" height="12" xoffset="-1" yoffset="5" xadvance="12" page="0" chnl="15"/><!-- s --><char id="116" x="0" y="36" width="12" height="16" xoffset="-1" yoffset="1" xadvance="12" page="0" chnl="15"/><!-- t --><char id="117" x="26" y="98" width="12" height="12" xoffset="-1" yoffset="5" xadvance="12" page="0" chnl="15"/><!-- u --><char id="118" x="39" y="98" width="12" height="12" xoffset="-1" yoffset="5" xadvance="12" page="0" chnl="15"/><!-- v --><char id="119" x="52" y="98" width="12" height="12" xoffset="-1" yoffset="5" xadvance="12" page="0" chnl="15"/><!-- w --><char id="120" x="65" y="98" width="12" height="12" xoffset="-1" yoffset="5" xadvance="12" page="0" chnl="15"/><!-- x --><char id="121" x="78" y="98" width="12" height="12" xoffset="-1" yoffset="5" xadvance="12" page="0" chnl="15"/><!-- y --><char id="122" x="91" y="98" width="12" height="12" xoffset="-1" yoffset="5" xadvance="12" page="0" chnl="15"/><!-- z --></chars></font>